{
  "generatedAt": "2026-04-09T12:35:12.251500+00:00",
  "source": "scripts/calibrate_detection.py",
  "references": 20,
  "recommendedLimits": {
    "minOnsetThreshold": 0.18,
    "minSignalRms": 0.035,
    "minSignalPeak": 0.12,
    "minPeakRate": 0.35,
    "minCapturePeaks": 12,
    "minMatchConfidence": 28,
    "minSignalQuality": 0.447761,
    "minOnsetContrast": 0.097155,
    "minCaptureFingerprints": 23,
    "minRhythmicStability": 0.16369,
    "minMatchAbsoluteSimilarity": 0.38,
    "minMatchEvidence": 0.42,
    "minFingerprintVotes": 4,
    "minFingerprintSimilarity": 0.08,
    "minRhythmSimilarity": 0.36
  },
  "statistics": {
    "durationSeconds": {
      "min": 53.055,
      "p10": 104.4741,
      "p25": 150.96175,
      "median": 176.3265,
      "p75": 210.482,
      "p90": 261.9377,
      "max": 387.135,
      "mean": 181.6334
    },
    "rms": {
      "min": 0.087484,
      "p10": 0.099775,
      "p25": 0.110341,
      "median": 0.12113,
      "p75": 0.134465,
      "p90": 0.150429,
      "max": 0.15902,
      "mean": 0.122635
    },
    "peakAmplitude": {
      "min": 0.929413,
      "p10": 0.939373,
      "p25": 0.95298,
      "median": 0.999969,
      "p75": 1.0,
      "p90": 1.0,
      "max": 1.0,
      "mean": 0.97908
    },
    "peakRate": {
      "min": 0.501692,
      "p10": 0.615966,
      "p25": 0.893006,
      "median": 1.04323,
      "p75": 1.278965,
      "p90": 1.371755,
      "max": 1.550081,
      "mean": 1.053332
    },
    "peaksCount": {
      "min": 43.0,
      "p10": 89.0,
      "p25": 128.5,
      "median": 176.0,
      "p75": 248.25,
      "p90": 311.6,
      "max": 384.0,
      "mean": 190.25
    },
    "fingerprintsCount": {
      "min": 125.0,
      "p10": 286.5,
      "p25": 634.5,
      "median": 1072.5,
      "p75": 1508.25,
      "p90": 2149.3,
      "max": 2788.0,
      "mean": 1145.3
    },
    "onsetContrast": {
      "min": 0.182345,
      "p10": 0.2159,
      "p25": 0.228888,
      "median": 0.255077,
      "p75": 0.30035,
      "p90": 0.335467,
      "max": 0.382721,
      "mean": 0.270544
    },
    "rhythmicStability": {
      "min": 0.111111,
      "p10": 0.363756,
      "p25": 0.436274,
      "median": 0.52381,
      "p75": 0.701992,
      "p90": 0.831817,
      "max": 0.876543,
      "mean": 0.549892
    },
    "signalQuality": {
      "min": 0.793798,
      "p10": 0.814111,
      "p25": 0.824972,
      "median": 0.848021,
      "p75": 0.869145,
      "p90": 0.888995,
      "max": 0.91565,
      "mean": 0.849994
    }
  },
  "referenceMetrics": [
    {
      "file": "Prendimiento - Bonanza.mp3",
      "name": "Prendimiento Bonanza",
      "tag": "Sin etiqueta",
      "durationSeconds": 117.002,
      "rms": 0.15019,
      "peakAmplitude": 0.944885,
      "peakRate": 1.264931,
      "peaksCount": 148,
      "fingerprintsCount": 1121,
      "onsetContrast": 0.244313,
      "rhythmicStability": 0.444444,
      "signalQuality": 0.840989,
      "tempoEstimate": 92.285,
      "peakTimesCount": 148
    },
    {
      "file": "Prendimiento - Cincuentenario.mp3",
      "name": "Prendimiento Cincuentenario",
      "tag": "Sin etiqueta",
      "durationSeconds": 161.202,
      "rms": 0.110999,
      "peakAmplitude": 0.999969,
      "peakRate": 1.05458,
      "peaksCount": 170,
      "fingerprintsCount": 970,
      "onsetContrast": 0.244609,
      "rhythmicStability": 0.82906,
      "signalQuality": 0.878919,
      "tempoEstimate": 92.285,
      "peakTimesCount": 170
    },
    {
      "file": "Prendimiento - Cuatrera.mp3",
      "name": "Prendimiento Cuatrera",
      "tag": "Sin etiqueta",
      "durationSeconds": 261.538,
      "rms": 0.132793,
      "peakAmplitude": 0.962097,
      "peakRate": 1.181473,
      "peaksCount": 309,
      "fingerprintsCount": 1456,
      "onsetContrast": 0.294497,
      "rhythmicStability": 0.82906,
      "signalQuality": 0.906746,
      "tempoEstimate": 99.384,
      "peakTimesCount": 309
    },
    {
      "file": "Prendimiento - Dolor de la Madre de Dios.mp3",
      "name": "Prendimiento Dolor De La Madre De Dios",
      "tag": "Sin etiqueta",
      "durationSeconds": 183.38,
      "rms": 0.087561,
      "peakAmplitude": 1.0,
      "peakRate": 0.501692,
      "peaksCount": 92,
      "fingerprintsCount": 125,
      "onsetContrast": 0.382468,
      "rhythmicStability": 0.856631,
      "signalQuality": 0.882863,
      "tempoEstimate": 40.375,
      "peakTimesCount": 92
    },
    {
      "file": "Prendimiento - El coso.mp3",
      "name": "Prendimiento El Coso",
      "tag": "Sin etiqueta",
      "durationSeconds": 265.535,
      "rms": 0.139482,
      "peakAmplitude": 0.999969,
      "peakRate": 1.03188,
      "peaksCount": 274,
      "fingerprintsCount": 1409,
      "onsetContrast": 0.228616,
      "rhythmicStability": 0.444444,
      "signalQuality": 0.821576,
      "tempoEstimate": 92.285,
      "peakTimesCount": 274
    },
    {
      "file": "Prendimiento - Entrada pasos.mp3",
      "name": "Prendimiento Entrada Pasos",
      "tag": "Sin etiqueta",
      "durationSeconds": 178.469,
      "rms": 0.101132,
      "peakAmplitude": 0.947876,
      "peakRate": 0.627561,
      "peaksCount": 112,
      "fingerprintsCount": 531,
      "onsetContrast": 0.330245,
      "rhythmicStability": 0.673203,
      "signalQuality": 0.865887,
      "tempoEstimate": 76.0,
      "peakTimesCount": 112
    },
    {
      "file": "Prendimiento - Formación.mp3",
      "name": "Prendimiento Formación",
      "tag": "Sin etiqueta",
      "durationSeconds": 199.784,
      "rms": 0.110606,
      "peakAmplitude": 0.999969,
      "peakRate": 0.910982,
      "peaksCount": 182,
      "fingerprintsCount": 1201,
      "onsetContrast": 0.326771,
      "rhythmicStability": 0.351852,
      "signalQuality": 0.838661,
      "tempoEstimate": 99.384,
      "peakTimesCount": 182
    },
    {
      "file": "Prendimiento - Gritos.mp3",
      "name": "Prendimiento Gritos",
      "tag": "Sin etiqueta",
      "durationSeconds": 244.323,
      "rms": 0.110553,
      "peakAmplitude": 0.934265,
      "peakRate": 1.371134,
      "peaksCount": 335,
      "fingerprintsCount": 2788,
      "onsetContrast": 0.231774,
      "rhythmicStability": 0.537037,
      "signalQuality": 0.848287,
      "tempoEstimate": 107.666,
      "peakTimesCount": 335
    },
    {
      "file": "Prendimiento - Himno (Los enanitos).mp3",
      "name": "Prendimiento Himno (los Enanitos)",
      "tag": "Sin etiqueta",
      "durationSeconds": 53.055,
      "rms": 0.087484,
      "peakAmplitude": 0.954681,
      "peakRate": 0.810484,
      "peaksCount": 43,
      "fingerprintsCount": 174,
      "onsetContrast": 0.382721,
      "rhythmicStability": 0.78836,
      "signalQuality": 0.887023,
      "tempoEstimate": 61.523,
      "peakTimesCount": 43
    },
    {
      "file": "Prendimiento - Jota.mp3",
      "name": "Prendimiento Jota",
      "tag": "Sin etiqueta",
      "durationSeconds": 134.74,
      "rms": 0.130901,
      "peakAmplitude": 1.0,
      "peakRate": 1.321067,
      "peaksCount": 178,
      "fingerprintsCount": 1675,
      "onsetContrast": 0.2171,
      "rhythmicStability": 0.52381,
      "signalQuality": 0.835264,
      "tempoEstimate": 92.285,
      "peakTimesCount": 178
    },
    {
      "file": "Prendimiento - La corona.mp3",
      "name": "Prendimiento La Corona",
      "tag": "Sin etiqueta",
      "durationSeconds": 387.135,
      "rms": 0.123476,
      "peakAmplitude": 0.999329,
      "peakRate": 0.991903,
      "peaksCount": 384,
      "fingerprintsCount": 2098,
      "onsetContrast": 0.293266,
      "rhythmicStability": 0.411765,
      "signalQuality": 0.849088,
      "tempoEstimate": 76.0,
      "peakTimesCount": 384
    },
    {
      "file": "Prendimiento - La ola.mp3",
      "name": "Prendimiento La Ola",
      "tag": "Sin etiqueta",
      "durationSeconds": 157.179,
      "rms": 0.132001,
      "peakAmplitude": 0.999969,
      "peakRate": 0.852532,
      "peaksCount": 134,
      "fingerprintsCount": 299,